<?xml version="1.0" encoding="ISO-8859-1"?>
<?xml-stylesheet type="text/xsl" href="to_print.xsl"?>
<virtuoso_design>

  <top>
      <mid>__mid__10</mid>
      <lib>MOS_VLSI_ELL734</lib>
      <cell>CLA</cell>
      <view>schematic</view>
      <image128>images/MOS_VLSI_ELL734/CLA/schematic/thumbnail_128x128.png</image128>
      <image256>images/MOS_VLSI_ELL734/CLA/schematic/thumbnail_256x256.png</image256>
      <image1024>images/MOS_VLSI_ELL734/CLA/schematic/thumbnail_1024x1024.png</image1024>
  </top>
  <bom>
    <bom_item>
      <refid>__mid__1</refid>
      <lib>MOS_VLSI_ELL734</lib>
      <cell>6NAND</cell>
      <view>schematic</view>
      <count>2</count>
      <thumbnail128>images/MOS_VLSI_ELL734/6NAND/schematic/thumbnail_128x128.png</thumbnail128>
      <thumbnail256>images/MOS_VLSI_ELL734/6NAND/schematic/thumbnail_256x256.png</thumbnail256>
      <thumbnail1024>images/MOS_VLSI_ELL734/6NAND/schematic/thumbnail_1024x1024.png</thumbnail1024>
    </bom_item>
    <bom_item>
      <refid>__mid__5</refid>
      <lib>MOS_VLSI_ELL734</lib>
      <cell>5NAND</cell>
      <view>schematic</view>
      <count>3</count>
      <thumbnail128>images/MOS_VLSI_ELL734/5NAND/schematic/thumbnail_128x128.png</thumbnail128>
      <thumbnail256>images/MOS_VLSI_ELL734/5NAND/schematic/thumbnail_256x256.png</thumbnail256>
      <thumbnail1024>images/MOS_VLSI_ELL734/5NAND/schematic/thumbnail_1024x1024.png</thumbnail1024>
    </bom_item>
    <bom_item>
      <refid>__mid__8</refid>
      <lib>MOS_VLSI_ELL734</lib>
      <cell>4NAND</cell>
      <view>schematic</view>
      <count>4</count>
      <thumbnail128>images/MOS_VLSI_ELL734/4NAND/schematic/thumbnail_128x128.png</thumbnail128>
      <thumbnail256>images/MOS_VLSI_ELL734/4NAND/schematic/thumbnail_256x256.png</thumbnail256>
      <thumbnail1024>images/MOS_VLSI_ELL734/4NAND/schematic/thumbnail_1024x1024.png</thumbnail1024>
    </bom_item>
    <bom_item>
      <refid>__mid__9</refid>
      <lib>MOS_VLSI_ELL734</lib>
      <cell>HA</cell>
      <view>schematic</view>
      <count>5</count>
      <thumbnail128>images/MOS_VLSI_ELL734/HA/schematic/thumbnail_128x128.png</thumbnail128>
      <thumbnail256>images/MOS_VLSI_ELL734/HA/schematic/thumbnail_256x256.png</thumbnail256>
      <thumbnail1024>images/MOS_VLSI_ELL734/HA/schematic/thumbnail_1024x1024.png</thumbnail1024>
    </bom_item>
    <bom_item>
      <refid>__mid__7</refid>
      <lib>MOS_VLSI_ELL734</lib>
      <cell>3NAND</cell>
      <view>schematic</view>
      <count>5</count>
      <thumbnail128>images/MOS_VLSI_ELL734/3NAND/schematic/thumbnail_128x128.png</thumbnail128>
      <thumbnail256>images/MOS_VLSI_ELL734/3NAND/schematic/thumbnail_256x256.png</thumbnail256>
      <thumbnail1024>images/MOS_VLSI_ELL734/3NAND/schematic/thumbnail_1024x1024.png</thumbnail1024>
    </bom_item>
    <bom_item>
      <refid>__mid__6</refid>
      <lib>MOS_VLSI_ELL734</lib>
      <cell>XOR</cell>
      <view>schematic</view>
      <count>5</count>
      <thumbnail128>images/MOS_VLSI_ELL734/XOR/schematic/thumbnail_128x128.png</thumbnail128>
      <thumbnail256>images/MOS_VLSI_ELL734/XOR/schematic/thumbnail_256x256.png</thumbnail256>
      <thumbnail1024>images/MOS_VLSI_ELL734/XOR/schematic/thumbnail_1024x1024.png</thumbnail1024>
    </bom_item>
    <bom_item>
      <refid>__mid__2</refid>
      <lib>MOS_VLSI_ELL734</lib>
      <cell>NOR</cell>
      <view>schematic</view>
      <count>9</count>
      <thumbnail128>images/MOS_VLSI_ELL734/NOR/schematic/thumbnail_128x128.png</thumbnail128>
      <thumbnail256>images/MOS_VLSI_ELL734/NOR/schematic/thumbnail_256x256.png</thumbnail256>
      <thumbnail1024>images/MOS_VLSI_ELL734/NOR/schematic/thumbnail_1024x1024.png</thumbnail1024>
    </bom_item>
    <bom_item>
      <refid>__mid__3</refid>
      <lib>MOS_VLSI_ELL734</lib>
      <cell>NOT</cell>
      <view>schematic</view>
      <count>36</count>
      <thumbnail128>images/MOS_VLSI_ELL734/NOT/schematic/thumbnail_128x128.png</thumbnail128>
      <thumbnail256>images/MOS_VLSI_ELL734/NOT/schematic/thumbnail_256x256.png</thumbnail256>
      <thumbnail1024>images/MOS_VLSI_ELL734/NOT/schematic/thumbnail_1024x1024.png</thumbnail1024>
    </bom_item>
    <bom_item>
      <refid>__mid__4</refid>
      <lib>MOS_VLSI_ELL734</lib>
      <cell>NAND</cell>
      <view>schematic</view>
      <count>46</count>
      <thumbnail128>images/MOS_VLSI_ELL734/NAND/schematic/thumbnail_128x128.png</thumbnail128>
      <thumbnail256>images/MOS_VLSI_ELL734/NAND/schematic/thumbnail_256x256.png</thumbnail256>
      <thumbnail1024>images/MOS_VLSI_ELL734/NAND/schematic/thumbnail_1024x1024.png</thumbnail1024>
    </bom_item>
  </bom>
  <master_details>
    <master_detail>
      <mid>__mid__1</mid>
      <lib>MOS_VLSI_ELL734</lib>
      <cell>6NAND</cell>
      <view>schematic</view>
      <count>2</count>
      <image128>images/MOS_VLSI_ELL734/6NAND/schematic/thumbnail_128x128.png</image128>
      <image256>images/MOS_VLSI_ELL734/6NAND/schematic/thumbnail_256x256.png</image256>
      <image1024>images/MOS_VLSI_ELL734/6NAND/schematic/thumbnail_1024x1024.png</image1024>
    </master_detail>
    <master_detail>
      <mid>__mid__5</mid>
      <lib>MOS_VLSI_ELL734</lib>
      <cell>5NAND</cell>
      <view>schematic</view>
      <count>3</count>
      <image128>images/MOS_VLSI_ELL734/5NAND/schematic/thumbnail_128x128.png</image128>
      <image256>images/MOS_VLSI_ELL734/5NAND/schematic/thumbnail_256x256.png</image256>
      <image1024>images/MOS_VLSI_ELL734/5NAND/schematic/thumbnail_1024x1024.png</image1024>
    </master_detail>
    <master_detail>
      <mid>__mid__8</mid>
      <lib>MOS_VLSI_ELL734</lib>
      <cell>4NAND</cell>
      <view>schematic</view>
      <count>4</count>
      <image128>images/MOS_VLSI_ELL734/4NAND/schematic/thumbnail_128x128.png</image128>
      <image256>images/MOS_VLSI_ELL734/4NAND/schematic/thumbnail_256x256.png</image256>
      <image1024>images/MOS_VLSI_ELL734/4NAND/schematic/thumbnail_1024x1024.png</image1024>
    </master_detail>
    <master_detail>
      <mid>__mid__9</mid>
      <lib>MOS_VLSI_ELL734</lib>
      <cell>HA</cell>
      <view>schematic</view>
      <count>5</count>
      <image128>images/MOS_VLSI_ELL734/HA/schematic/thumbnail_128x128.png</image128>
      <image256>images/MOS_VLSI_ELL734/HA/schematic/thumbnail_256x256.png</image256>
      <image1024>images/MOS_VLSI_ELL734/HA/schematic/thumbnail_1024x1024.png</image1024>
    </master_detail>
    <master_detail>
      <mid>__mid__7</mid>
      <lib>MOS_VLSI_ELL734</lib>
      <cell>3NAND</cell>
      <view>schematic</view>
      <count>5</count>
      <image128>images/MOS_VLSI_ELL734/3NAND/schematic/thumbnail_128x128.png</image128>
      <image256>images/MOS_VLSI_ELL734/3NAND/schematic/thumbnail_256x256.png</image256>
      <image1024>images/MOS_VLSI_ELL734/3NAND/schematic/thumbnail_1024x1024.png</image1024>
    </master_detail>
    <master_detail>
      <mid>__mid__6</mid>
      <lib>MOS_VLSI_ELL734</lib>
      <cell>XOR</cell>
      <view>schematic</view>
      <count>5</count>
      <image128>images/MOS_VLSI_ELL734/XOR/schematic/thumbnail_128x128.png</image128>
      <image256>images/MOS_VLSI_ELL734/XOR/schematic/thumbnail_256x256.png</image256>
      <image1024>images/MOS_VLSI_ELL734/XOR/schematic/thumbnail_1024x1024.png</image1024>
    </master_detail>
    <master_detail>
      <mid>__mid__2</mid>
      <lib>MOS_VLSI_ELL734</lib>
      <cell>NOR</cell>
      <view>schematic</view>
      <count>9</count>
      <image128>images/MOS_VLSI_ELL734/NOR/schematic/thumbnail_128x128.png</image128>
      <image256>images/MOS_VLSI_ELL734/NOR/schematic/thumbnail_256x256.png</image256>
      <image1024>images/MOS_VLSI_ELL734/NOR/schematic/thumbnail_1024x1024.png</image1024>
    </master_detail>
    <master_detail>
      <mid>__mid__3</mid>
      <lib>MOS_VLSI_ELL734</lib>
      <cell>NOT</cell>
      <view>schematic</view>
      <count>36</count>
      <image128>images/MOS_VLSI_ELL734/NOT/schematic/thumbnail_128x128.png</image128>
      <image256>images/MOS_VLSI_ELL734/NOT/schematic/thumbnail_256x256.png</image256>
      <image1024>images/MOS_VLSI_ELL734/NOT/schematic/thumbnail_1024x1024.png</image1024>
    </master_detail>
    <master_detail>
      <mid>__mid__4</mid>
      <lib>MOS_VLSI_ELL734</lib>
      <cell>NAND</cell>
      <view>schematic</view>
      <count>46</count>
      <image128>images/MOS_VLSI_ELL734/NAND/schematic/thumbnail_128x128.png</image128>
      <image256>images/MOS_VLSI_ELL734/NAND/schematic/thumbnail_256x256.png</image256>
      <image1024>images/MOS_VLSI_ELL734/NAND/schematic/thumbnail_1024x1024.png</image1024>
    </master_detail>
  </master_details>
  <occurrence_tree>
    <children>1</children>
    <occ>
    <indent>1</indent>
    <inst>I174</inst>
    <refid>__mid__1</refid>
    <lib>MOS_VLSI_ELL734</lib>
    <cell>6NAND</cell>
    <view>schematic</view>
    <thumbnail128>images/MOS_VLSI_ELL734/6NAND/schematic/thumbnail_128x128.png</thumbnail128>
    <thumbnail256>images/MOS_VLSI_ELL734/6NAND/schematic/thumbnail_256x256.png</thumbnail256>
    <thumbnail1024>images/MOS_VLSI_ELL734/6NAND/schematic/thumbnail_1024x1024.png</thumbnail1024>
      <children>1</children>
      <occ>
      <indent>2</indent>
      <inst>I29</inst>
      <refid>__mid__2</refid>
      <lib>MOS_VLSI_ELL734</lib>
      <cell>NOR</cell>
      <view>schematic</view>
      <thumbnail128>images/MOS_VLSI_ELL734/NOR/schematic/thumbnail_128x128.png</thumbnail128>
      <thumbnail256>images/MOS_VLSI_ELL734/NOR/schematic/thumbnail_256x256.png</thumbnail256>
      <thumbnail1024>images/MOS_VLSI_ELL734/NOR/schematic/thumbnail_1024x1024.png</thumbnail1024>
      </occ>
      <occ>
      <indent>2</indent>
      <inst>I30</inst>
      <refid>__mid__3</refid>
      <lib>MOS_VLSI_ELL734</lib>
      <cell>NOT</cell>
      <view>schematic</view>
      <thumbnail128>images/MOS_VLSI_ELL734/NOT/schematic/thumbnail_128x128.png</thumbnail128>
      <thumbnail256>images/MOS_VLSI_ELL734/NOT/schematic/thumbnail_256x256.png</thumbnail256>
      <thumbnail1024>images/MOS_VLSI_ELL734/NOT/schematic/thumbnail_1024x1024.png</thumbnail1024>
      </occ>
      <occ>
      <indent>2</indent>
      <inst>I28</inst>
      <refid>__mid__4</refid>
      <lib>MOS_VLSI_ELL734</lib>
      <cell>NAND</cell>
      <view>schematic</view>
      <thumbnail128>images/MOS_VLSI_ELL734/NAND/schematic/thumbnail_128x128.png</thumbnail128>
      <thumbnail256>images/MOS_VLSI_ELL734/NAND/schematic/thumbnail_256x256.png</thumbnail256>
      <thumbnail1024>images/MOS_VLSI_ELL734/NAND/schematic/thumbnail_1024x1024.png</thumbnail1024>
      </occ>
      <occ>
      <indent>2</indent>
      <inst>I27</inst>
      <refid>__mid__4</refid>
      <lib>MOS_VLSI_ELL734</lib>
      <cell>NAND</cell>
      <view>schematic</view>
      <thumbnail128>images/MOS_VLSI_ELL734/NAND/schematic/thumbnail_128x128.png</thumbnail128>
      <thumbnail256>images/MOS_VLSI_ELL734/NAND/schematic/thumbnail_256x256.png</thumbnail256>
      <thumbnail1024>images/MOS_VLSI_ELL734/NAND/schematic/thumbnail_1024x1024.png</thumbnail1024>
      </occ>
      <occ>
      <indent>2</indent>
      <inst>I25</inst>
      <refid>__mid__4</refid>
      <lib>MOS_VLSI_ELL734</lib>
      <cell>NAND</cell>
      <view>schematic</view>
      <thumbnail128>images/MOS_VLSI_ELL734/NAND/schematic/thumbnail_128x128.png</thumbnail128>
      <thumbnail256>images/MOS_VLSI_ELL734/NAND/schematic/thumbnail_256x256.png</thumbnail256>
      <thumbnail1024>images/MOS_VLSI_ELL734/NAND/schematic/thumbnail_1024x1024.png</thumbnail1024>
      </occ>
      <occ>
      <indent>2</indent>
      <inst>I26</inst>
      <refid>__mid__4</refid>
      <lib>MOS_VLSI_ELL734</lib>
      <cell>NAND</cell>
      <view>schematic</view>
      <thumbnail128>images/MOS_VLSI_ELL734/NAND/schematic/thumbnail_128x128.png</thumbnail128>
      <thumbnail256>images/MOS_VLSI_ELL734/NAND/schematic/thumbnail_256x256.png</thumbnail256>
      <thumbnail1024>images/MOS_VLSI_ELL734/NAND/schematic/thumbnail_1024x1024.png</thumbnail1024>
      </occ>
    </occ>
    <occ>
    <indent>1</indent>
    <inst>I173</inst>
    <refid>__mid__1</refid>
    <lib>MOS_VLSI_ELL734</lib>
    <cell>6NAND</cell>
    <view>schematic</view>
    <thumbnail128>images/MOS_VLSI_ELL734/6NAND/schematic/thumbnail_128x128.png</thumbnail128>
    <thumbnail256>images/MOS_VLSI_ELL734/6NAND/schematic/thumbnail_256x256.png</thumbnail256>
    <thumbnail1024>images/MOS_VLSI_ELL734/6NAND/schematic/thumbnail_1024x1024.png</thumbnail1024>
      <children>1</children>
      <occ>
      <indent>2</indent>
      <inst>I29</inst>
      <refid>__mid__2</refid>
      <lib>MOS_VLSI_ELL734</lib>
      <cell>NOR</cell>
      <view>schematic</view>
      <thumbnail128>images/MOS_VLSI_ELL734/NOR/schematic/thumbnail_128x128.png</thumbnail128>
      <thumbnail256>images/MOS_VLSI_ELL734/NOR/schematic/thumbnail_256x256.png</thumbnail256>
      <thumbnail1024>images/MOS_VLSI_ELL734/NOR/schematic/thumbnail_1024x1024.png</thumbnail1024>
      </occ>
      <occ>
      <indent>2</indent>
      <inst>I30</inst>
      <refid>__mid__3</refid>
      <lib>MOS_VLSI_ELL734</lib>
      <cell>NOT</cell>
      <view>schematic</view>
      <thumbnail128>images/MOS_VLSI_ELL734/NOT/schematic/thumbnail_128x128.png</thumbnail128>
      <thumbnail256>images/MOS_VLSI_ELL734/NOT/schematic/thumbnail_256x256.png</thumbnail256>
      <thumbnail1024>images/MOS_VLSI_ELL734/NOT/schematic/thumbnail_1024x1024.png</thumbnail1024>
      </occ>
      <occ>
      <indent>2</indent>
      <inst>I28</inst>
      <refid>__mid__4</refid>
      <lib>MOS_VLSI_ELL734</lib>
      <cell>NAND</cell>
      <view>schematic</view>
      <thumbnail128>images/MOS_VLSI_ELL734/NAND/schematic/thumbnail_128x128.png</thumbnail128>
      <thumbnail256>images/MOS_VLSI_ELL734/NAND/schematic/thumbnail_256x256.png</thumbnail256>
      <thumbnail1024>images/MOS_VLSI_ELL734/NAND/schematic/thumbnail_1024x1024.png</thumbnail1024>
      </occ>
      <occ>
      <indent>2</indent>
      <inst>I27</inst>
      <refid>__mid__4</refid>
      <lib>MOS_VLSI_ELL734</lib>
      <cell>NAND</cell>
      <view>schematic</view>
      <thumbnail128>images/MOS_VLSI_ELL734/NAND/schematic/thumbnail_128x128.png</thumbnail128>
      <thumbnail256>images/MOS_VLSI_ELL734/NAND/schematic/thumbnail_256x256.png</thumbnail256>
      <thumbnail1024>images/MOS_VLSI_ELL734/NAND/schematic/thumbnail_1024x1024.png</thumbnail1024>
      </occ>
      <occ>
      <indent>2</indent>
      <inst>I25</inst>
      <refid>__mid__4</refid>
      <lib>MOS_VLSI_ELL734</lib>
      <cell>NAND</cell>
      <view>schematic</view>
      <thumbnail128>images/MOS_VLSI_ELL734/NAND/schematic/thumbnail_128x128.png</thumbnail128>
      <thumbnail256>images/MOS_VLSI_ELL734/NAND/schematic/thumbnail_256x256.png</thumbnail256>
      <thumbnail1024>images/MOS_VLSI_ELL734/NAND/schematic/thumbnail_1024x1024.png</thumbnail1024>
      </occ>
      <occ>
      <indent>2</indent>
      <inst>I26</inst>
      <refid>__mid__4</refid>
      <lib>MOS_VLSI_ELL734</lib>
      <cell>NAND</cell>
      <view>schematic</view>
      <thumbnail128>images/MOS_VLSI_ELL734/NAND/schematic/thumbnail_128x128.png</thumbnail128>
      <thumbnail256>images/MOS_VLSI_ELL734/NAND/schematic/thumbnail_256x256.png</thumbnail256>
      <thumbnail1024>images/MOS_VLSI_ELL734/NAND/schematic/thumbnail_1024x1024.png</thumbnail1024>
      </occ>
    </occ>
    <occ>
    <indent>1</indent>
    <inst>I149</inst>
    <refid>__mid__5</refid>
    <lib>MOS_VLSI_ELL734</lib>
    <cell>5NAND</cell>
    <view>schematic</view>
    <thumbnail128>images/MOS_VLSI_ELL734/5NAND/schematic/thumbnail_128x128.png</thumbnail128>
    <thumbnail256>images/MOS_VLSI_ELL734/5NAND/schematic/thumbnail_256x256.png</thumbnail256>
    <thumbnail1024>images/MOS_VLSI_ELL734/5NAND/schematic/thumbnail_1024x1024.png</thumbnail1024>
      <children>1</children>
      <occ>
      <indent>2</indent>
      <inst>I4</inst>
      <refid>__mid__4</refid>
      <lib>MOS_VLSI_ELL734</lib>
      <cell>NAND</cell>
      <view>schematic</view>
      <thumbnail128>images/MOS_VLSI_ELL734/NAND/schematic/thumbnail_128x128.png</thumbnail128>
      <thumbnail256>images/MOS_VLSI_ELL734/NAND/schematic/thumbnail_256x256.png</thumbnail256>
      <thumbnail1024>images/MOS_VLSI_ELL734/NAND/schematic/thumbnail_1024x1024.png</thumbnail1024>
      </occ>
      <occ>
      <indent>2</indent>
      <inst>I7</inst>
      <refid>__mid__4</refid>
      <lib>MOS_VLSI_ELL734</lib>
      <cell>NAND</cell>
      <view>schematic</view>
      <thumbnail128>images/MOS_VLSI_ELL734/NAND/schematic/thumbnail_128x128.png</thumbnail128>
      <thumbnail256>images/MOS_VLSI_ELL734/NAND/schematic/thumbnail_256x256.png</thumbnail256>
      <thumbnail1024>images/MOS_VLSI_ELL734/NAND/schematic/thumbnail_1024x1024.png</thumbnail1024>
      </occ>
      <occ>
      <indent>2</indent>
      <inst>I5</inst>
      <refid>__mid__4</refid>
      <lib>MOS_VLSI_ELL734</lib>
      <cell>NAND</cell>
      <view>schematic</view>
      <thumbnail128>images/MOS_VLSI_ELL734/NAND/schematic/thumbnail_128x128.png</thumbnail128>
      <thumbnail256>images/MOS_VLSI_ELL734/NAND/schematic/thumbnail_256x256.png</thumbnail256>
      <thumbnail1024>images/MOS_VLSI_ELL734/NAND/schematic/thumbnail_1024x1024.png</thumbnail1024>
      </occ>
      <occ>
      <indent>2</indent>
      <inst>I6</inst>
      <refid>__mid__2</refid>
      <lib>MOS_VLSI_ELL734</lib>
      <cell>NOR</cell>
      <view>schematic</view>
      <thumbnail128>images/MOS_VLSI_ELL734/NOR/schematic/thumbnail_128x128.png</thumbnail128>
      <thumbnail256>images/MOS_VLSI_ELL734/NOR/schematic/thumbnail_256x256.png</thumbnail256>
      <thumbnail1024>images/MOS_VLSI_ELL734/NOR/schematic/thumbnail_1024x1024.png</thumbnail1024>
      </occ>
    </occ>
    <occ>
    <indent>1</indent>
    <inst>I150</inst>
    <refid>__mid__5</refid>
    <lib>MOS_VLSI_ELL734</lib>
    <cell>5NAND</cell>
    <view>schematic</view>
    <thumbnail128>images/MOS_VLSI_ELL734/5NAND/schematic/thumbnail_128x128.png</thumbnail128>
    <thumbnail256>images/MOS_VLSI_ELL734/5NAND/schematic/thumbnail_256x256.png</thumbnail256>
    <thumbnail1024>images/MOS_VLSI_ELL734/5NAND/schematic/thumbnail_1024x1024.png</thumbnail1024>
      <children>1</children>
      <occ>
      <indent>2</indent>
      <inst>I4</inst>
      <refid>__mid__4</refid>
      <lib>MOS_VLSI_ELL734</lib>
      <cell>NAND</cell>
      <view>schematic</view>
      <thumbnail128>images/MOS_VLSI_ELL734/NAND/schematic/thumbnail_128x128.png</thumbnail128>
      <thumbnail256>images/MOS_VLSI_ELL734/NAND/schematic/thumbnail_256x256.png</thumbnail256>
      <thumbnail1024>images/MOS_VLSI_ELL734/NAND/schematic/thumbnail_1024x1024.png</thumbnail1024>
      </occ>
      <occ>
      <indent>2</indent>
      <inst>I7</inst>
      <refid>__mid__4</refid>
      <lib>MOS_VLSI_ELL734</lib>
      <cell>NAND</cell>
      <view>schematic</view>
      <thumbnail128>images/MOS_VLSI_ELL734/NAND/schematic/thumbnail_128x128.png</thumbnail128>
      <thumbnail256>images/MOS_VLSI_ELL734/NAND/schematic/thumbnail_256x256.png</thumbnail256>
      <thumbnail1024>images/MOS_VLSI_ELL734/NAND/schematic/thumbnail_1024x1024.png</thumbnail1024>
      </occ>
      <occ>
      <indent>2</indent>
      <inst>I5</inst>
      <refid>__mid__4</refid>
      <lib>MOS_VLSI_ELL734</lib>
      <cell>NAND</cell>
      <view>schematic</view>
      <thumbnail128>images/MOS_VLSI_ELL734/NAND/schematic/thumbnail_128x128.png</thumbnail128>
      <thumbnail256>images/MOS_VLSI_ELL734/NAND/schematic/thumbnail_256x256.png</thumbnail256>
      <thumbnail1024>images/MOS_VLSI_ELL734/NAND/schematic/thumbnail_1024x1024.png</thumbnail1024>
      </occ>
      <occ>
      <indent>2</indent>
      <inst>I6</inst>
      <refid>__mid__2</refid>
      <lib>MOS_VLSI_ELL734</lib>
      <cell>NOR</cell>
      <view>schematic</view>
      <thumbnail128>images/MOS_VLSI_ELL734/NOR/schematic/thumbnail_128x128.png</thumbnail128>
      <thumbnail256>images/MOS_VLSI_ELL734/NOR/schematic/thumbnail_256x256.png</thumbnail256>
      <thumbnail1024>images/MOS_VLSI_ELL734/NOR/schematic/thumbnail_1024x1024.png</thumbnail1024>
      </occ>
    </occ>
    <occ>
    <indent>1</indent>
    <inst>I148</inst>
    <refid>__mid__5</refid>
    <lib>MOS_VLSI_ELL734</lib>
    <cell>5NAND</cell>
    <view>schematic</view>
    <thumbnail128>images/MOS_VLSI_ELL734/5NAND/schematic/thumbnail_128x128.png</thumbnail128>
    <thumbnail256>images/MOS_VLSI_ELL734/5NAND/schematic/thumbnail_256x256.png</thumbnail256>
    <thumbnail1024>images/MOS_VLSI_ELL734/5NAND/schematic/thumbnail_1024x1024.png</thumbnail1024>
      <children>1</children>
      <occ>
      <indent>2</indent>
      <inst>I4</inst>
      <refid>__mid__4</refid>
      <lib>MOS_VLSI_ELL734</lib>
      <cell>NAND</cell>
      <view>schematic</view>
      <thumbnail128>images/MOS_VLSI_ELL734/NAND/schematic/thumbnail_128x128.png</thumbnail128>
      <thumbnail256>images/MOS_VLSI_ELL734/NAND/schematic/thumbnail_256x256.png</thumbnail256>
      <thumbnail1024>images/MOS_VLSI_ELL734/NAND/schematic/thumbnail_1024x1024.png</thumbnail1024>
      </occ>
      <occ>
      <indent>2</indent>
      <inst>I7</inst>
      <refid>__mid__4</refid>
      <lib>MOS_VLSI_ELL734</lib>
      <cell>NAND</cell>
      <view>schematic</view>
      <thumbnail128>images/MOS_VLSI_ELL734/NAND/schematic/thumbnail_128x128.png</thumbnail128>
      <thumbnail256>images/MOS_VLSI_ELL734/NAND/schematic/thumbnail_256x256.png</thumbnail256>
      <thumbnail1024>images/MOS_VLSI_ELL734/NAND/schematic/thumbnail_1024x1024.png</thumbnail1024>
      </occ>
      <occ>
      <indent>2</indent>
      <inst>I5</inst>
      <refid>__mid__4</refid>
      <lib>MOS_VLSI_ELL734</lib>
      <cell>NAND</cell>
      <view>schematic</view>
      <thumbnail128>images/MOS_VLSI_ELL734/NAND/schematic/thumbnail_128x128.png</thumbnail128>
      <thumbnail256>images/MOS_VLSI_ELL734/NAND/schematic/thumbnail_256x256.png</thumbnail256>
      <thumbnail1024>images/MOS_VLSI_ELL734/NAND/schematic/thumbnail_1024x1024.png</thumbnail1024>
      </occ>
      <occ>
      <indent>2</indent>
      <inst>I6</inst>
      <refid>__mid__2</refid>
      <lib>MOS_VLSI_ELL734</lib>
      <cell>NOR</cell>
      <view>schematic</view>
      <thumbnail128>images/MOS_VLSI_ELL734/NOR/schematic/thumbnail_128x128.png</thumbnail128>
      <thumbnail256>images/MOS_VLSI_ELL734/NOR/schematic/thumbnail_256x256.png</thumbnail256>
      <thumbnail1024>images/MOS_VLSI_ELL734/NOR/schematic/thumbnail_1024x1024.png</thumbnail1024>
      </occ>
    </occ>
    <occ>
    <indent>1</indent>
    <inst>I160</inst>
    <refid>__mid__6</refid>
    <lib>MOS_VLSI_ELL734</lib>
    <cell>XOR</cell>
    <view>schematic</view>
    <thumbnail128>images/MOS_VLSI_ELL734/XOR/schematic/thumbnail_128x128.png</thumbnail128>
    <thumbnail256>images/MOS_VLSI_ELL734/XOR/schematic/thumbnail_256x256.png</thumbnail256>
    <thumbnail1024>images/MOS_VLSI_ELL734/XOR/schematic/thumbnail_1024x1024.png</thumbnail1024>
      <children>1</children>
      <occ>
      <indent>2</indent>
      <inst>I10</inst>
      <refid>__mid__3</refid>
      <lib>MOS_VLSI_ELL734</lib>
      <cell>NOT</cell>
      <view>schematic</view>
      <thumbnail128>images/MOS_VLSI_ELL734/NOT/schematic/thumbnail_128x128.png</thumbnail128>
      <thumbnail256>images/MOS_VLSI_ELL734/NOT/schematic/thumbnail_256x256.png</thumbnail256>
      <thumbnail1024>images/MOS_VLSI_ELL734/NOT/schematic/thumbnail_1024x1024.png</thumbnail1024>
      </occ>
      <occ>
      <indent>2</indent>
      <inst>I11</inst>
      <refid>__mid__3</refid>
      <lib>MOS_VLSI_ELL734</lib>
      <cell>NOT</cell>
      <view>schematic</view>
      <thumbnail128>images/MOS_VLSI_ELL734/NOT/schematic/thumbnail_128x128.png</thumbnail128>
      <thumbnail256>images/MOS_VLSI_ELL734/NOT/schematic/thumbnail_256x256.png</thumbnail256>
      <thumbnail1024>images/MOS_VLSI_ELL734/NOT/schematic/thumbnail_1024x1024.png</thumbnail1024>
      </occ>
    </occ>
    <occ>
    <indent>1</indent>
    <inst>I159</inst>
    <refid>__mid__6</refid>
    <lib>MOS_VLSI_ELL734</lib>
    <cell>XOR</cell>
    <view>schematic</view>
    <thumbnail128>images/MOS_VLSI_ELL734/XOR/schematic/thumbnail_128x128.png</thumbnail128>
    <thumbnail256>images/MOS_VLSI_ELL734/XOR/schematic/thumbnail_256x256.png</thumbnail256>
    <thumbnail1024>images/MOS_VLSI_ELL734/XOR/schematic/thumbnail_1024x1024.png</thumbnail1024>
      <children>1</children>
      <occ>
      <indent>2</indent>
      <inst>I10</inst>
      <refid>__mid__3</refid>
      <lib>MOS_VLSI_ELL734</lib>
      <cell>NOT</cell>
      <view>schematic</view>
      <thumbnail128>images/MOS_VLSI_ELL734/NOT/schematic/thumbnail_128x128.png</thumbnail128>
      <thumbnail256>images/MOS_VLSI_ELL734/NOT/schematic/thumbnail_256x256.png</thumbnail256>
      <thumbnail1024>images/MOS_VLSI_ELL734/NOT/schematic/thumbnail_1024x1024.png</thumbnail1024>
      </occ>
      <occ>
      <indent>2</indent>
      <inst>I11</inst>
      <refid>__mid__3</refid>
      <lib>MOS_VLSI_ELL734</lib>
      <cell>NOT</cell>
      <view>schematic</view>
      <thumbnail128>images/MOS_VLSI_ELL734/NOT/schematic/thumbnail_128x128.png</thumbnail128>
      <thumbnail256>images/MOS_VLSI_ELL734/NOT/schematic/thumbnail_256x256.png</thumbnail256>
      <thumbnail1024>images/MOS_VLSI_ELL734/NOT/schematic/thumbnail_1024x1024.png</thumbnail1024>
      </occ>
    </occ>
    <occ>
    <indent>1</indent>
    <inst>I162</inst>
    <refid>__mid__6</refid>
    <lib>MOS_VLSI_ELL734</lib>
    <cell>XOR</cell>
    <view>schematic</view>
    <thumbnail128>images/MOS_VLSI_ELL734/XOR/schematic/thumbnail_128x128.png</thumbnail128>
    <thumbnail256>images/MOS_VLSI_ELL734/XOR/schematic/thumbnail_256x256.png</thumbnail256>
    <thumbnail1024>images/MOS_VLSI_ELL734/XOR/schematic/thumbnail_1024x1024.png</thumbnail1024>
      <children>1</children>
      <occ>
      <indent>2</indent>
      <inst>I10</inst>
      <refid>__mid__3</refid>
      <lib>MOS_VLSI_ELL734</lib>
      <cell>NOT</cell>
      <view>schematic</view>
      <thumbnail128>images/MOS_VLSI_ELL734/NOT/schematic/thumbnail_128x128.png</thumbnail128>
      <thumbnail256>images/MOS_VLSI_ELL734/NOT/schematic/thumbnail_256x256.png</thumbnail256>
      <thumbnail1024>images/MOS_VLSI_ELL734/NOT/schematic/thumbnail_1024x1024.png</thumbnail1024>
      </occ>
      <occ>
      <indent>2</indent>
      <inst>I11</inst>
      <refid>__mid__3</refid>
      <lib>MOS_VLSI_ELL734</lib>
      <cell>NOT</cell>
      <view>schematic</view>
      <thumbnail128>images/MOS_VLSI_ELL734/NOT/schematic/thumbnail_128x128.png</thumbnail128>
      <thumbnail256>images/MOS_VLSI_ELL734/NOT/schematic/thumbnail_256x256.png</thumbnail256>
      <thumbnail1024>images/MOS_VLSI_ELL734/NOT/schematic/thumbnail_1024x1024.png</thumbnail1024>
      </occ>
    </occ>
    <occ>
    <indent>1</indent>
    <inst>I161</inst>
    <refid>__mid__6</refid>
    <lib>MOS_VLSI_ELL734</lib>
    <cell>XOR</cell>
    <view>schematic</view>
    <thumbnail128>images/MOS_VLSI_ELL734/XOR/schematic/thumbnail_128x128.png</thumbnail128>
    <thumbnail256>images/MOS_VLSI_ELL734/XOR/schematic/thumbnail_256x256.png</thumbnail256>
    <thumbnail1024>images/MOS_VLSI_ELL734/XOR/schematic/thumbnail_1024x1024.png</thumbnail1024>
      <children>1</children>
      <occ>
      <indent>2</indent>
      <inst>I10</inst>
      <refid>__mid__3</refid>
      <lib>MOS_VLSI_ELL734</lib>
      <cell>NOT</cell>
      <view>schematic</view>
      <thumbnail128>images/MOS_VLSI_ELL734/NOT/schematic/thumbnail_128x128.png</thumbnail128>
      <thumbnail256>images/MOS_VLSI_ELL734/NOT/schematic/thumbnail_256x256.png</thumbnail256>
      <thumbnail1024>images/MOS_VLSI_ELL734/NOT/schematic/thumbnail_1024x1024.png</thumbnail1024>
      </occ>
      <occ>
      <indent>2</indent>
      <inst>I11</inst>
      <refid>__mid__3</refid>
      <lib>MOS_VLSI_ELL734</lib>
      <cell>NOT</cell>
      <view>schematic</view>
      <thumbnail128>images/MOS_VLSI_ELL734/NOT/schematic/thumbnail_128x128.png</thumbnail128>
      <thumbnail256>images/MOS_VLSI_ELL734/NOT/schematic/thumbnail_256x256.png</thumbnail256>
      <thumbnail1024>images/MOS_VLSI_ELL734/NOT/schematic/thumbnail_1024x1024.png</thumbnail1024>
      </occ>
    </occ>
    <occ>
    <indent>1</indent>
    <inst>I164</inst>
    <refid>__mid__6</refid>
    <lib>MOS_VLSI_ELL734</lib>
    <cell>XOR</cell>
    <view>schematic</view>
    <thumbnail128>images/MOS_VLSI_ELL734/XOR/schematic/thumbnail_128x128.png</thumbnail128>
    <thumbnail256>images/MOS_VLSI_ELL734/XOR/schematic/thumbnail_256x256.png</thumbnail256>
    <thumbnail1024>images/MOS_VLSI_ELL734/XOR/schematic/thumbnail_1024x1024.png</thumbnail1024>
      <children>1</children>
      <occ>
      <indent>2</indent>
      <inst>I10</inst>
      <refid>__mid__3</refid>
      <lib>MOS_VLSI_ELL734</lib>
      <cell>NOT</cell>
      <view>schematic</view>
      <thumbnail128>images/MOS_VLSI_ELL734/NOT/schematic/thumbnail_128x128.png</thumbnail128>
      <thumbnail256>images/MOS_VLSI_ELL734/NOT/schematic/thumbnail_256x256.png</thumbnail256>
      <thumbnail1024>images/MOS_VLSI_ELL734/NOT/schematic/thumbnail_1024x1024.png</thumbnail1024>
      </occ>
      <occ>
      <indent>2</indent>
      <inst>I11</inst>
      <refid>__mid__3</refid>
      <lib>MOS_VLSI_ELL734</lib>
      <cell>NOT</cell>
      <view>schematic</view>
      <thumbnail128>images/MOS_VLSI_ELL734/NOT/schematic/thumbnail_128x128.png</thumbnail128>
      <thumbnail256>images/MOS_VLSI_ELL734/NOT/schematic/thumbnail_256x256.png</thumbnail256>
      <thumbnail1024>images/MOS_VLSI_ELL734/NOT/schematic/thumbnail_1024x1024.png</thumbnail1024>
      </occ>
    </occ>
    <occ>
    <indent>1</indent>
    <inst>I138</inst>
    <refid>__mid__7</refid>
    <lib>MOS_VLSI_ELL734</lib>
    <cell>3NAND</cell>
    <view>schematic</view>
    <thumbnail128>images/MOS_VLSI_ELL734/3NAND/schematic/thumbnail_128x128.png</thumbnail128>
    <thumbnail256>images/MOS_VLSI_ELL734/3NAND/schematic/thumbnail_256x256.png</thumbnail256>
    <thumbnail1024>images/MOS_VLSI_ELL734/3NAND/schematic/thumbnail_1024x1024.png</thumbnail1024>
      <children>1</children>
      <occ>
      <indent>2</indent>
      <inst>I4</inst>
      <refid>__mid__4</refid>
      <lib>MOS_VLSI_ELL734</lib>
      <cell>NAND</cell>
      <view>schematic</view>
      <thumbnail128>images/MOS_VLSI_ELL734/NAND/schematic/thumbnail_128x128.png</thumbnail128>
      <thumbnail256>images/MOS_VLSI_ELL734/NAND/schematic/thumbnail_256x256.png</thumbnail256>
      <thumbnail1024>images/MOS_VLSI_ELL734/NAND/schematic/thumbnail_1024x1024.png</thumbnail1024>
      </occ>
      <occ>
      <indent>2</indent>
      <inst>I3</inst>
      <refid>__mid__4</refid>
      <lib>MOS_VLSI_ELL734</lib>
      <cell>NAND</cell>
      <view>schematic</view>
      <thumbnail128>images/MOS_VLSI_ELL734/NAND/schematic/thumbnail_128x128.png</thumbnail128>
      <thumbnail256>images/MOS_VLSI_ELL734/NAND/schematic/thumbnail_256x256.png</thumbnail256>
      <thumbnail1024>images/MOS_VLSI_ELL734/NAND/schematic/thumbnail_1024x1024.png</thumbnail1024>
      </occ>
      <occ>
      <indent>2</indent>
      <inst>I5</inst>
      <refid>__mid__3</refid>
      <lib>MOS_VLSI_ELL734</lib>
      <cell>NOT</cell>
      <view>schematic</view>
      <thumbnail128>images/MOS_VLSI_ELL734/NOT/schematic/thumbnail_128x128.png</thumbnail128>
      <thumbnail256>images/MOS_VLSI_ELL734/NOT/schematic/thumbnail_256x256.png</thumbnail256>
      <thumbnail1024>images/MOS_VLSI_ELL734/NOT/schematic/thumbnail_1024x1024.png</thumbnail1024>
      </occ>
    </occ>
    <occ>
    <indent>1</indent>
    <inst>I137</inst>
    <refid>__mid__7</refid>
    <lib>MOS_VLSI_ELL734</lib>
    <cell>3NAND</cell>
    <view>schematic</view>
    <thumbnail128>images/MOS_VLSI_ELL734/3NAND/schematic/thumbnail_128x128.png</thumbnail128>
    <thumbnail256>images/MOS_VLSI_ELL734/3NAND/schematic/thumbnail_256x256.png</thumbnail256>
    <thumbnail1024>images/MOS_VLSI_ELL734/3NAND/schematic/thumbnail_1024x1024.png</thumbnail1024>
      <children>1</children>
      <occ>
      <indent>2</indent>
      <inst>I4</inst>
      <refid>__mid__4</refid>
      <lib>MOS_VLSI_ELL734</lib>
      <cell>NAND</cell>
      <view>schematic</view>
      <thumbnail128>images/MOS_VLSI_ELL734/NAND/schematic/thumbnail_128x128.png</thumbnail128>
      <thumbnail256>images/MOS_VLSI_ELL734/NAND/schematic/thumbnail_256x256.png</thumbnail256>
      <thumbnail1024>images/MOS_VLSI_ELL734/NAND/schematic/thumbnail_1024x1024.png</thumbnail1024>
      </occ>
      <occ>
      <indent>2</indent>
      <inst>I3</inst>
      <refid>__mid__4</refid>
      <lib>MOS_VLSI_ELL734</lib>
      <cell>NAND</cell>
      <view>schematic</view>
      <thumbnail128>images/MOS_VLSI_ELL734/NAND/schematic/thumbnail_128x128.png</thumbnail128>
      <thumbnail256>images/MOS_VLSI_ELL734/NAND/schematic/thumbnail_256x256.png</thumbnail256>
      <thumbnail1024>images/MOS_VLSI_ELL734/NAND/schematic/thumbnail_1024x1024.png</thumbnail1024>
      </occ>
      <occ>
      <indent>2</indent>
      <inst>I5</inst>
      <refid>__mid__3</refid>
      <lib>MOS_VLSI_ELL734</lib>
      <cell>NOT</cell>
      <view>schematic</view>
      <thumbnail128>images/MOS_VLSI_ELL734/NOT/schematic/thumbnail_128x128.png</thumbnail128>
      <thumbnail256>images/MOS_VLSI_ELL734/NOT/schematic/thumbnail_256x256.png</thumbnail256>
      <thumbnail1024>images/MOS_VLSI_ELL734/NOT/schematic/thumbnail_1024x1024.png</thumbnail1024>
      </occ>
    </occ>
    <occ>
    <indent>1</indent>
    <inst>I136</inst>
    <refid>__mid__7</refid>
    <lib>MOS_VLSI_ELL734</lib>
    <cell>3NAND</cell>
    <view>schematic</view>
    <thumbnail128>images/MOS_VLSI_ELL734/3NAND/schematic/thumbnail_128x128.png</thumbnail128>
    <thumbnail256>images/MOS_VLSI_ELL734/3NAND/schematic/thumbnail_256x256.png</thumbnail256>
    <thumbnail1024>images/MOS_VLSI_ELL734/3NAND/schematic/thumbnail_1024x1024.png</thumbnail1024>
      <children>1</children>
      <occ>
      <indent>2</indent>
      <inst>I4</inst>
      <refid>__mid__4</refid>
      <lib>MOS_VLSI_ELL734</lib>
      <cell>NAND</cell>
      <view>schematic</view>
      <thumbnail128>images/MOS_VLSI_ELL734/NAND/schematic/thumbnail_128x128.png</thumbnail128>
      <thumbnail256>images/MOS_VLSI_ELL734/NAND/schematic/thumbnail_256x256.png</thumbnail256>
      <thumbnail1024>images/MOS_VLSI_ELL734/NAND/schematic/thumbnail_1024x1024.png</thumbnail1024>
      </occ>
      <occ>
      <indent>2</indent>
      <inst>I3</inst>
      <refid>__mid__4</refid>
      <lib>MOS_VLSI_ELL734</lib>
      <cell>NAND</cell>
      <view>schematic</view>
      <thumbnail128>images/MOS_VLSI_ELL734/NAND/schematic/thumbnail_128x128.png</thumbnail128>
      <thumbnail256>images/MOS_VLSI_ELL734/NAND/schematic/thumbnail_256x256.png</thumbnail256>
      <thumbnail1024>images/MOS_VLSI_ELL734/NAND/schematic/thumbnail_1024x1024.png</thumbnail1024>
      </occ>
      <occ>
      <indent>2</indent>
      <inst>I5</inst>
      <refid>__mid__3</refid>
      <lib>MOS_VLSI_ELL734</lib>
      <cell>NOT</cell>
      <view>schematic</view>
      <thumbnail128>images/MOS_VLSI_ELL734/NOT/schematic/thumbnail_128x128.png</thumbnail128>
      <thumbnail256>images/MOS_VLSI_ELL734/NOT/schematic/thumbnail_256x256.png</thumbnail256>
      <thumbnail1024>images/MOS_VLSI_ELL734/NOT/schematic/thumbnail_1024x1024.png</thumbnail1024>
      </occ>
    </occ>
    <occ>
    <indent>1</indent>
    <inst>I135</inst>
    <refid>__mid__7</refid>
    <lib>MOS_VLSI_ELL734</lib>
    <cell>3NAND</cell>
    <view>schematic</view>
    <thumbnail128>images/MOS_VLSI_ELL734/3NAND/schematic/thumbnail_128x128.png</thumbnail128>
    <thumbnail256>images/MOS_VLSI_ELL734/3NAND/schematic/thumbnail_256x256.png</thumbnail256>
    <thumbnail1024>images/MOS_VLSI_ELL734/3NAND/schematic/thumbnail_1024x1024.png</thumbnail1024>
      <children>1</children>
      <occ>
      <indent>2</indent>
      <inst>I4</inst>
      <refid>__mid__4</refid>
      <lib>MOS_VLSI_ELL734</lib>
      <cell>NAND</cell>
      <view>schematic</view>
      <thumbnail128>images/MOS_VLSI_ELL734/NAND/schematic/thumbnail_128x128.png</thumbnail128>
      <thumbnail256>images/MOS_VLSI_ELL734/NAND/schematic/thumbnail_256x256.png</thumbnail256>
      <thumbnail1024>images/MOS_VLSI_ELL734/NAND/schematic/thumbnail_1024x1024.png</thumbnail1024>
      </occ>
      <occ>
      <indent>2</indent>
      <inst>I3</inst>
      <refid>__mid__4</refid>
      <lib>MOS_VLSI_ELL734</lib>
      <cell>NAND</cell>
      <view>schematic</view>
      <thumbnail128>images/MOS_VLSI_ELL734/NAND/schematic/thumbnail_128x128.png</thumbnail128>
      <thumbnail256>images/MOS_VLSI_ELL734/NAND/schematic/thumbnail_256x256.png</thumbnail256>
      <thumbnail1024>images/MOS_VLSI_ELL734/NAND/schematic/thumbnail_1024x1024.png</thumbnail1024>
      </occ>
      <occ>
      <indent>2</indent>
      <inst>I5</inst>
      <refid>__mid__3</refid>
      <lib>MOS_VLSI_ELL734</lib>
      <cell>NOT</cell>
      <view>schematic</view>
      <thumbnail128>images/MOS_VLSI_ELL734/NOT/schematic/thumbnail_128x128.png</thumbnail128>
      <thumbnail256>images/MOS_VLSI_ELL734/NOT/schematic/thumbnail_256x256.png</thumbnail256>
      <thumbnail1024>images/MOS_VLSI_ELL734/NOT/schematic/thumbnail_1024x1024.png</thumbnail1024>
      </occ>
    </occ>
    <occ>
    <indent>1</indent>
    <inst>I134</inst>
    <refid>__mid__7</refid>
    <lib>MOS_VLSI_ELL734</lib>
    <cell>3NAND</cell>
    <view>schematic</view>
    <thumbnail128>images/MOS_VLSI_ELL734/3NAND/schematic/thumbnail_128x128.png</thumbnail128>
    <thumbnail256>images/MOS_VLSI_ELL734/3NAND/schematic/thumbnail_256x256.png</thumbnail256>
    <thumbnail1024>images/MOS_VLSI_ELL734/3NAND/schematic/thumbnail_1024x1024.png</thumbnail1024>
      <children>1</children>
      <occ>
      <indent>2</indent>
      <inst>I4</inst>
      <refid>__mid__4</refid>
      <lib>MOS_VLSI_ELL734</lib>
      <cell>NAND</cell>
      <view>schematic</view>
      <thumbnail128>images/MOS_VLSI_ELL734/NAND/schematic/thumbnail_128x128.png</thumbnail128>
      <thumbnail256>images/MOS_VLSI_ELL734/NAND/schematic/thumbnail_256x256.png</thumbnail256>
      <thumbnail1024>images/MOS_VLSI_ELL734/NAND/schematic/thumbnail_1024x1024.png</thumbnail1024>
      </occ>
      <occ>
      <indent>2</indent>
      <inst>I3</inst>
      <refid>__mid__4</refid>
      <lib>MOS_VLSI_ELL734</lib>
      <cell>NAND</cell>
      <view>schematic</view>
      <thumbnail128>images/MOS_VLSI_ELL734/NAND/schematic/thumbnail_128x128.png</thumbnail128>
      <thumbnail256>images/MOS_VLSI_ELL734/NAND/schematic/thumbnail_256x256.png</thumbnail256>
      <thumbnail1024>images/MOS_VLSI_ELL734/NAND/schematic/thumbnail_1024x1024.png</thumbnail1024>
      </occ>
      <occ>
      <indent>2</indent>
      <inst>I5</inst>
      <refid>__mid__3</refid>
      <lib>MOS_VLSI_ELL734</lib>
      <cell>NOT</cell>
      <view>schematic</view>
      <thumbnail128>images/MOS_VLSI_ELL734/NOT/schematic/thumbnail_128x128.png</thumbnail128>
      <thumbnail256>images/MOS_VLSI_ELL734/NOT/schematic/thumbnail_256x256.png</thumbnail256>
      <thumbnail1024>images/MOS_VLSI_ELL734/NOT/schematic/thumbnail_1024x1024.png</thumbnail1024>
      </occ>
    </occ>
    <occ>
    <indent>1</indent>
    <inst>I140</inst>
    <refid>__mid__8</refid>
    <lib>MOS_VLSI_ELL734</lib>
    <cell>4NAND</cell>
    <view>schematic</view>
    <thumbnail128>images/MOS_VLSI_ELL734/4NAND/schematic/thumbnail_128x128.png</thumbnail128>
    <thumbnail256>images/MOS_VLSI_ELL734/4NAND/schematic/thumbnail_256x256.png</thumbnail256>
    <thumbnail1024>images/MOS_VLSI_ELL734/4NAND/schematic/thumbnail_1024x1024.png</thumbnail1024>
      <children>1</children>
      <occ>
      <indent>2</indent>
      <inst>I3</inst>
      <refid>__mid__4</refid>
      <lib>MOS_VLSI_ELL734</lib>
      <cell>NAND</cell>
      <view>schematic</view>
      <thumbnail128>images/MOS_VLSI_ELL734/NAND/schematic/thumbnail_128x128.png</thumbnail128>
      <thumbnail256>images/MOS_VLSI_ELL734/NAND/schematic/thumbnail_256x256.png</thumbnail256>
      <thumbnail1024>images/MOS_VLSI_ELL734/NAND/schematic/thumbnail_1024x1024.png</thumbnail1024>
      </occ>
      <occ>
      <indent>2</indent>
      <inst>I4</inst>
      <refid>__mid__4</refid>
      <lib>MOS_VLSI_ELL734</lib>
      <cell>NAND</cell>
      <view>schematic</view>
      <thumbnail128>images/MOS_VLSI_ELL734/NAND/schematic/thumbnail_128x128.png</thumbnail128>
      <thumbnail256>images/MOS_VLSI_ELL734/NAND/schematic/thumbnail_256x256.png</thumbnail256>
      <thumbnail1024>images/MOS_VLSI_ELL734/NAND/schematic/thumbnail_1024x1024.png</thumbnail1024>
      </occ>
      <occ>
      <indent>2</indent>
      <inst>I6</inst>
      <refid>__mid__2</refid>
      <lib>MOS_VLSI_ELL734</lib>
      <cell>NOR</cell>
      <view>schematic</view>
      <thumbnail128>images/MOS_VLSI_ELL734/NOR/schematic/thumbnail_128x128.png</thumbnail128>
      <thumbnail256>images/MOS_VLSI_ELL734/NOR/schematic/thumbnail_256x256.png</thumbnail256>
      <thumbnail1024>images/MOS_VLSI_ELL734/NOR/schematic/thumbnail_1024x1024.png</thumbnail1024>
      </occ>
      <occ>
      <indent>2</indent>
      <inst>I5</inst>
      <refid>__mid__3</refid>
      <lib>MOS_VLSI_ELL734</lib>
      <cell>NOT</cell>
      <view>schematic</view>
      <thumbnail128>images/MOS_VLSI_ELL734/NOT/schematic/thumbnail_128x128.png</thumbnail128>
      <thumbnail256>images/MOS_VLSI_ELL734/NOT/schematic/thumbnail_256x256.png</thumbnail256>
      <thumbnail1024>images/MOS_VLSI_ELL734/NOT/schematic/thumbnail_1024x1024.png</thumbnail1024>
      </occ>
    </occ>
    <occ>
    <indent>1</indent>
    <inst>I141</inst>
    <refid>__mid__8</refid>
    <lib>MOS_VLSI_ELL734</lib>
    <cell>4NAND</cell>
    <view>schematic</view>
    <thumbnail128>images/MOS_VLSI_ELL734/4NAND/schematic/thumbnail_128x128.png</thumbnail128>
    <thumbnail256>images/MOS_VLSI_ELL734/4NAND/schematic/thumbnail_256x256.png</thumbnail256>
    <thumbnail1024>images/MOS_VLSI_ELL734/4NAND/schematic/thumbnail_1024x1024.png</thumbnail1024>
      <children>1</children>
      <occ>
      <indent>2</indent>
      <inst>I3</inst>
      <refid>__mid__4</refid>
      <lib>MOS_VLSI_ELL734</lib>
      <cell>NAND</cell>
      <view>schematic</view>
      <thumbnail128>images/MOS_VLSI_ELL734/NAND/schematic/thumbnail_128x128.png</thumbnail128>
      <thumbnail256>images/MOS_VLSI_ELL734/NAND/schematic/thumbnail_256x256.png</thumbnail256>
      <thumbnail1024>images/MOS_VLSI_ELL734/NAND/schematic/thumbnail_1024x1024.png</thumbnail1024>
      </occ>
      <occ>
      <indent>2</indent>
      <inst>I4</inst>
      <refid>__mid__4</refid>
      <lib>MOS_VLSI_ELL734</lib>
      <cell>NAND</cell>
      <view>schematic</view>
      <thumbnail128>images/MOS_VLSI_ELL734/NAND/schematic/thumbnail_128x128.png</thumbnail128>
      <thumbnail256>images/MOS_VLSI_ELL734/NAND/schematic/thumbnail_256x256.png</thumbnail256>
      <thumbnail1024>images/MOS_VLSI_ELL734/NAND/schematic/thumbnail_1024x1024.png</thumbnail1024>
      </occ>
      <occ>
      <indent>2</indent>
      <inst>I6</inst>
      <refid>__mid__2</refid>
      <lib>MOS_VLSI_ELL734</lib>
      <cell>NOR</cell>
      <view>schematic</view>
      <thumbnail128>images/MOS_VLSI_ELL734/NOR/schematic/thumbnail_128x128.png</thumbnail128>
      <thumbnail256>images/MOS_VLSI_ELL734/NOR/schematic/thumbnail_256x256.png</thumbnail256>
      <thumbnail1024>images/MOS_VLSI_ELL734/NOR/schematic/thumbnail_1024x1024.png</thumbnail1024>
      </occ>
      <occ>
      <indent>2</indent>
      <inst>I5</inst>
      <refid>__mid__3</refid>
      <lib>MOS_VLSI_ELL734</lib>
      <cell>NOT</cell>
      <view>schematic</view>
      <thumbnail128>images/MOS_VLSI_ELL734/NOT/schematic/thumbnail_128x128.png</thumbnail128>
      <thumbnail256>images/MOS_VLSI_ELL734/NOT/schematic/thumbnail_256x256.png</thumbnail256>
      <thumbnail1024>images/MOS_VLSI_ELL734/NOT/schematic/thumbnail_1024x1024.png</thumbnail1024>
      </occ>
    </occ>
    <occ>
    <indent>1</indent>
    <inst>I142</inst>
    <refid>__mid__8</refid>
    <lib>MOS_VLSI_ELL734</lib>
    <cell>4NAND</cell>
    <view>schematic</view>
    <thumbnail128>images/MOS_VLSI_ELL734/4NAND/schematic/thumbnail_128x128.png</thumbnail128>
    <thumbnail256>images/MOS_VLSI_ELL734/4NAND/schematic/thumbnail_256x256.png</thumbnail256>
    <thumbnail1024>images/MOS_VLSI_ELL734/4NAND/schematic/thumbnail_1024x1024.png</thumbnail1024>
      <children>1</children>
      <occ>
      <indent>2</indent>
      <inst>I3</inst>
      <refid>__mid__4</refid>
      <lib>MOS_VLSI_ELL734</lib>
      <cell>NAND</cell>
      <view>schematic</view>
      <thumbnail128>images/MOS_VLSI_ELL734/NAND/schematic/thumbnail_128x128.png</thumbnail128>
      <thumbnail256>images/MOS_VLSI_ELL734/NAND/schematic/thumbnail_256x256.png</thumbnail256>
      <thumbnail1024>images/MOS_VLSI_ELL734/NAND/schematic/thumbnail_1024x1024.png</thumbnail1024>
      </occ>
      <occ>
      <indent>2</indent>
      <inst>I4</inst>
      <refid>__mid__4</refid>
      <lib>MOS_VLSI_ELL734</lib>
      <cell>NAND</cell>
      <view>schematic</view>
      <thumbnail128>images/MOS_VLSI_ELL734/NAND/schematic/thumbnail_128x128.png</thumbnail128>
      <thumbnail256>images/MOS_VLSI_ELL734/NAND/schematic/thumbnail_256x256.png</thumbnail256>
      <thumbnail1024>images/MOS_VLSI_ELL734/NAND/schematic/thumbnail_1024x1024.png</thumbnail1024>
      </occ>
      <occ>
      <indent>2</indent>
      <inst>I6</inst>
      <refid>__mid__2</refid>
      <lib>MOS_VLSI_ELL734</lib>
      <cell>NOR</cell>
      <view>schematic</view>
      <thumbnail128>images/MOS_VLSI_ELL734/NOR/schematic/thumbnail_128x128.png</thumbnail128>
      <thumbnail256>images/MOS_VLSI_ELL734/NOR/schematic/thumbnail_256x256.png</thumbnail256>
      <thumbnail1024>images/MOS_VLSI_ELL734/NOR/schematic/thumbnail_1024x1024.png</thumbnail1024>
      </occ>
      <occ>
      <indent>2</indent>
      <inst>I5</inst>
      <refid>__mid__3</refid>
      <lib>MOS_VLSI_ELL734</lib>
      <cell>NOT</cell>
      <view>schematic</view>
      <thumbnail128>images/MOS_VLSI_ELL734/NOT/schematic/thumbnail_128x128.png</thumbnail128>
      <thumbnail256>images/MOS_VLSI_ELL734/NOT/schematic/thumbnail_256x256.png</thumbnail256>
      <thumbnail1024>images/MOS_VLSI_ELL734/NOT/schematic/thumbnail_1024x1024.png</thumbnail1024>
      </occ>
    </occ>
    <occ>
    <indent>1</indent>
    <inst>I152</inst>
    <refid>__mid__8</refid>
    <lib>MOS_VLSI_ELL734</lib>
    <cell>4NAND</cell>
    <view>schematic</view>
    <thumbnail128>images/MOS_VLSI_ELL734/4NAND/schematic/thumbnail_128x128.png</thumbnail128>
    <thumbnail256>images/MOS_VLSI_ELL734/4NAND/schematic/thumbnail_256x256.png</thumbnail256>
    <thumbnail1024>images/MOS_VLSI_ELL734/4NAND/schematic/thumbnail_1024x1024.png</thumbnail1024>
      <children>1</children>
      <occ>
      <indent>2</indent>
      <inst>I3</inst>
      <refid>__mid__4</refid>
      <lib>MOS_VLSI_ELL734</lib>
      <cell>NAND</cell>
      <view>schematic</view>
      <thumbnail128>images/MOS_VLSI_ELL734/NAND/schematic/thumbnail_128x128.png</thumbnail128>
      <thumbnail256>images/MOS_VLSI_ELL734/NAND/schematic/thumbnail_256x256.png</thumbnail256>
      <thumbnail1024>images/MOS_VLSI_ELL734/NAND/schematic/thumbnail_1024x1024.png</thumbnail1024>
      </occ>
      <occ>
      <indent>2</indent>
      <inst>I4</inst>
      <refid>__mid__4</refid>
      <lib>MOS_VLSI_ELL734</lib>
      <cell>NAND</cell>
      <view>schematic</view>
      <thumbnail128>images/MOS_VLSI_ELL734/NAND/schematic/thumbnail_128x128.png</thumbnail128>
      <thumbnail256>images/MOS_VLSI_ELL734/NAND/schematic/thumbnail_256x256.png</thumbnail256>
      <thumbnail1024>images/MOS_VLSI_ELL734/NAND/schematic/thumbnail_1024x1024.png</thumbnail1024>
      </occ>
      <occ>
      <indent>2</indent>
      <inst>I6</inst>
      <refid>__mid__2</refid>
      <lib>MOS_VLSI_ELL734</lib>
      <cell>NOR</cell>
      <view>schematic</view>
      <thumbnail128>images/MOS_VLSI_ELL734/NOR/schematic/thumbnail_128x128.png</thumbnail128>
      <thumbnail256>images/MOS_VLSI_ELL734/NOR/schematic/thumbnail_256x256.png</thumbnail256>
      <thumbnail1024>images/MOS_VLSI_ELL734/NOR/schematic/thumbnail_1024x1024.png</thumbnail1024>
      </occ>
      <occ>
      <indent>2</indent>
      <inst>I5</inst>
      <refid>__mid__3</refid>
      <lib>MOS_VLSI_ELL734</lib>
      <cell>NOT</cell>
      <view>schematic</view>
      <thumbnail128>images/MOS_VLSI_ELL734/NOT/schematic/thumbnail_128x128.png</thumbnail128>
      <thumbnail256>images/MOS_VLSI_ELL734/NOT/schematic/thumbnail_256x256.png</thumbnail256>
      <thumbnail1024>images/MOS_VLSI_ELL734/NOT/schematic/thumbnail_1024x1024.png</thumbnail1024>
      </occ>
    </occ>
    <occ>
    <indent>1</indent>
    <inst>I153</inst>
    <refid>__mid__4</refid>
    <lib>MOS_VLSI_ELL734</lib>
    <cell>NAND</cell>
    <view>schematic</view>
    <thumbnail128>images/MOS_VLSI_ELL734/NAND/schematic/thumbnail_128x128.png</thumbnail128>
    <thumbnail256>images/MOS_VLSI_ELL734/NAND/schematic/thumbnail_256x256.png</thumbnail256>
    <thumbnail1024>images/MOS_VLSI_ELL734/NAND/schematic/thumbnail_1024x1024.png</thumbnail1024>
    </occ>
    <occ>
    <indent>1</indent>
    <inst>I158</inst>
    <refid>__mid__4</refid>
    <lib>MOS_VLSI_ELL734</lib>
    <cell>NAND</cell>
    <view>schematic</view>
    <thumbnail128>images/MOS_VLSI_ELL734/NAND/schematic/thumbnail_128x128.png</thumbnail128>
    <thumbnail256>images/MOS_VLSI_ELL734/NAND/schematic/thumbnail_256x256.png</thumbnail256>
    <thumbnail1024>images/MOS_VLSI_ELL734/NAND/schematic/thumbnail_1024x1024.png</thumbnail1024>
    </occ>
    <occ>
    <indent>1</indent>
    <inst>I156</inst>
    <refid>__mid__4</refid>
    <lib>MOS_VLSI_ELL734</lib>
    <cell>NAND</cell>
    <view>schematic</view>
    <thumbnail128>images/MOS_VLSI_ELL734/NAND/schematic/thumbnail_128x128.png</thumbnail128>
    <thumbnail256>images/MOS_VLSI_ELL734/NAND/schematic/thumbnail_256x256.png</thumbnail256>
    <thumbnail1024>images/MOS_VLSI_ELL734/NAND/schematic/thumbnail_1024x1024.png</thumbnail1024>
    </occ>
    <occ>
    <indent>1</indent>
    <inst>I157</inst>
    <refid>__mid__4</refid>
    <lib>MOS_VLSI_ELL734</lib>
    <cell>NAND</cell>
    <view>schematic</view>
    <thumbnail128>images/MOS_VLSI_ELL734/NAND/schematic/thumbnail_128x128.png</thumbnail128>
    <thumbnail256>images/MOS_VLSI_ELL734/NAND/schematic/thumbnail_256x256.png</thumbnail256>
    <thumbnail1024>images/MOS_VLSI_ELL734/NAND/schematic/thumbnail_1024x1024.png</thumbnail1024>
    </occ>
    <occ>
    <indent>1</indent>
    <inst>I155</inst>
    <refid>__mid__4</refid>
    <lib>MOS_VLSI_ELL734</lib>
    <cell>NAND</cell>
    <view>schematic</view>
    <thumbnail128>images/MOS_VLSI_ELL734/NAND/schematic/thumbnail_128x128.png</thumbnail128>
    <thumbnail256>images/MOS_VLSI_ELL734/NAND/schematic/thumbnail_256x256.png</thumbnail256>
    <thumbnail1024>images/MOS_VLSI_ELL734/NAND/schematic/thumbnail_1024x1024.png</thumbnail1024>
    </occ>
    <occ>
    <indent>1</indent>
    <inst>I154</inst>
    <refid>__mid__4</refid>
    <lib>MOS_VLSI_ELL734</lib>
    <cell>NAND</cell>
    <view>schematic</view>
    <thumbnail128>images/MOS_VLSI_ELL734/NAND/schematic/thumbnail_128x128.png</thumbnail128>
    <thumbnail256>images/MOS_VLSI_ELL734/NAND/schematic/thumbnail_256x256.png</thumbnail256>
    <thumbnail1024>images/MOS_VLSI_ELL734/NAND/schematic/thumbnail_1024x1024.png</thumbnail1024>
    </occ>
    <occ>
    <indent>1</indent>
    <inst>I172</inst>
    <refid>__mid__9</refid>
    <lib>MOS_VLSI_ELL734</lib>
    <cell>HA</cell>
    <view>schematic</view>
    <thumbnail128>images/MOS_VLSI_ELL734/HA/schematic/thumbnail_128x128.png</thumbnail128>
    <thumbnail256>images/MOS_VLSI_ELL734/HA/schematic/thumbnail_256x256.png</thumbnail256>
    <thumbnail1024>images/MOS_VLSI_ELL734/HA/schematic/thumbnail_1024x1024.png</thumbnail1024>
      <children>1</children>
      <occ>
      <indent>2</indent>
      <inst>I7</inst>
      <refid>__mid__3</refid>
      <lib>MOS_VLSI_ELL734</lib>
      <cell>NOT</cell>
      <view>schematic</view>
      <thumbnail128>images/MOS_VLSI_ELL734/NOT/schematic/thumbnail_128x128.png</thumbnail128>
      <thumbnail256>images/MOS_VLSI_ELL734/NOT/schematic/thumbnail_256x256.png</thumbnail256>
      <thumbnail1024>images/MOS_VLSI_ELL734/NOT/schematic/thumbnail_1024x1024.png</thumbnail1024>
      </occ>
      <occ>
      <indent>2</indent>
      <inst>I8</inst>
      <refid>__mid__3</refid>
      <lib>MOS_VLSI_ELL734</lib>
      <cell>NOT</cell>
      <view>schematic</view>
      <thumbnail128>images/MOS_VLSI_ELL734/NOT/schematic/thumbnail_128x128.png</thumbnail128>
      <thumbnail256>images/MOS_VLSI_ELL734/NOT/schematic/thumbnail_256x256.png</thumbnail256>
      <thumbnail1024>images/MOS_VLSI_ELL734/NOT/schematic/thumbnail_1024x1024.png</thumbnail1024>
      </occ>
      <occ>
      <indent>2</indent>
      <inst>I9</inst>
      <refid>__mid__3</refid>
      <lib>MOS_VLSI_ELL734</lib>
      <cell>NOT</cell>
      <view>schematic</view>
      <thumbnail128>images/MOS_VLSI_ELL734/NOT/schematic/thumbnail_128x128.png</thumbnail128>
      <thumbnail256>images/MOS_VLSI_ELL734/NOT/schematic/thumbnail_256x256.png</thumbnail256>
      <thumbnail1024>images/MOS_VLSI_ELL734/NOT/schematic/thumbnail_1024x1024.png</thumbnail1024>
      </occ>
      <occ>
      <indent>2</indent>
      <inst>I10</inst>
      <refid>__mid__4</refid>
      <lib>MOS_VLSI_ELL734</lib>
      <cell>NAND</cell>
      <view>schematic</view>
      <thumbnail128>images/MOS_VLSI_ELL734/NAND/schematic/thumbnail_128x128.png</thumbnail128>
      <thumbnail256>images/MOS_VLSI_ELL734/NAND/schematic/thumbnail_256x256.png</thumbnail256>
      <thumbnail1024>images/MOS_VLSI_ELL734/NAND/schematic/thumbnail_1024x1024.png</thumbnail1024>
      </occ>
    </occ>
    <occ>
    <indent>1</indent>
    <inst>I171</inst>
    <refid>__mid__9</refid>
    <lib>MOS_VLSI_ELL734</lib>
    <cell>HA</cell>
    <view>schematic</view>
    <thumbnail128>images/MOS_VLSI_ELL734/HA/schematic/thumbnail_128x128.png</thumbnail128>
    <thumbnail256>images/MOS_VLSI_ELL734/HA/schematic/thumbnail_256x256.png</thumbnail256>
    <thumbnail1024>images/MOS_VLSI_ELL734/HA/schematic/thumbnail_1024x1024.png</thumbnail1024>
      <children>1</children>
      <occ>
      <indent>2</indent>
      <inst>I7</inst>
      <refid>__mid__3</refid>
      <lib>MOS_VLSI_ELL734</lib>
      <cell>NOT</cell>
      <view>schematic</view>
      <thumbnail128>images/MOS_VLSI_ELL734/NOT/schematic/thumbnail_128x128.png</thumbnail128>
      <thumbnail256>images/MOS_VLSI_ELL734/NOT/schematic/thumbnail_256x256.png</thumbnail256>
      <thumbnail1024>images/MOS_VLSI_ELL734/NOT/schematic/thumbnail_1024x1024.png</thumbnail1024>
      </occ>
      <occ>
      <indent>2</indent>
      <inst>I8</inst>
      <refid>__mid__3</refid>
      <lib>MOS_VLSI_ELL734</lib>
      <cell>NOT</cell>
      <view>schematic</view>
      <thumbnail128>images/MOS_VLSI_ELL734/NOT/schematic/thumbnail_128x128.png</thumbnail128>
      <thumbnail256>images/MOS_VLSI_ELL734/NOT/schematic/thumbnail_256x256.png</thumbnail256>
      <thumbnail1024>images/MOS_VLSI_ELL734/NOT/schematic/thumbnail_1024x1024.png</thumbnail1024>
      </occ>
      <occ>
      <indent>2</indent>
      <inst>I9</inst>
      <refid>__mid__3</refid>
      <lib>MOS_VLSI_ELL734</lib>
      <cell>NOT</cell>
      <view>schematic</view>
      <thumbnail128>images/MOS_VLSI_ELL734/NOT/schematic/thumbnail_128x128.png</thumbnail128>
      <thumbnail256>images/MOS_VLSI_ELL734/NOT/schematic/thumbnail_256x256.png</thumbnail256>
      <thumbnail1024>images/MOS_VLSI_ELL734/NOT/schematic/thumbnail_1024x1024.png</thumbnail1024>
      </occ>
      <occ>
      <indent>2</indent>
      <inst>I10</inst>
      <refid>__mid__4</refid>
      <lib>MOS_VLSI_ELL734</lib>
      <cell>NAND</cell>
      <view>schematic</view>
      <thumbnail128>images/MOS_VLSI_ELL734/NAND/schematic/thumbnail_128x128.png</thumbnail128>
      <thumbnail256>images/MOS_VLSI_ELL734/NAND/schematic/thumbnail_256x256.png</thumbnail256>
      <thumbnail1024>images/MOS_VLSI_ELL734/NAND/schematic/thumbnail_1024x1024.png</thumbnail1024>
      </occ>
    </occ>
    <occ>
    <indent>1</indent>
    <inst>I170</inst>
    <refid>__mid__9</refid>
    <lib>MOS_VLSI_ELL734</lib>
    <cell>HA</cell>
    <view>schematic</view>
    <thumbnail128>images/MOS_VLSI_ELL734/HA/schematic/thumbnail_128x128.png</thumbnail128>
    <thumbnail256>images/MOS_VLSI_ELL734/HA/schematic/thumbnail_256x256.png</thumbnail256>
    <thumbnail1024>images/MOS_VLSI_ELL734/HA/schematic/thumbnail_1024x1024.png</thumbnail1024>
      <children>1</children>
      <occ>
      <indent>2</indent>
      <inst>I7</inst>
      <refid>__mid__3</refid>
      <lib>MOS_VLSI_ELL734</lib>
      <cell>NOT</cell>
      <view>schematic</view>
      <thumbnail128>images/MOS_VLSI_ELL734/NOT/schematic/thumbnail_128x128.png</thumbnail128>
      <thumbnail256>images/MOS_VLSI_ELL734/NOT/schematic/thumbnail_256x256.png</thumbnail256>
      <thumbnail1024>images/MOS_VLSI_ELL734/NOT/schematic/thumbnail_1024x1024.png</thumbnail1024>
      </occ>
      <occ>
      <indent>2</indent>
      <inst>I8</inst>
      <refid>__mid__3</refid>
      <lib>MOS_VLSI_ELL734</lib>
      <cell>NOT</cell>
      <view>schematic</view>
      <thumbnail128>images/MOS_VLSI_ELL734/NOT/schematic/thumbnail_128x128.png</thumbnail128>
      <thumbnail256>images/MOS_VLSI_ELL734/NOT/schematic/thumbnail_256x256.png</thumbnail256>
      <thumbnail1024>images/MOS_VLSI_ELL734/NOT/schematic/thumbnail_1024x1024.png</thumbnail1024>
      </occ>
      <occ>
      <indent>2</indent>
      <inst>I9</inst>
      <refid>__mid__3</refid>
      <lib>MOS_VLSI_ELL734</lib>
      <cell>NOT</cell>
      <view>schematic</view>
      <thumbnail128>images/MOS_VLSI_ELL734/NOT/schematic/thumbnail_128x128.png</thumbnail128>
      <thumbnail256>images/MOS_VLSI_ELL734/NOT/schematic/thumbnail_256x256.png</thumbnail256>
      <thumbnail1024>images/MOS_VLSI_ELL734/NOT/schematic/thumbnail_1024x1024.png</thumbnail1024>
      </occ>
      <occ>
      <indent>2</indent>
      <inst>I10</inst>
      <refid>__mid__4</refid>
      <lib>MOS_VLSI_ELL734</lib>
      <cell>NAND</cell>
      <view>schematic</view>
      <thumbnail128>images/MOS_VLSI_ELL734/NAND/schematic/thumbnail_128x128.png</thumbnail128>
      <thumbnail256>images/MOS_VLSI_ELL734/NAND/schematic/thumbnail_256x256.png</thumbnail256>
      <thumbnail1024>images/MOS_VLSI_ELL734/NAND/schematic/thumbnail_1024x1024.png</thumbnail1024>
      </occ>
    </occ>
    <occ>
    <indent>1</indent>
    <inst>I168</inst>
    <refid>__mid__9</refid>
    <lib>MOS_VLSI_ELL734</lib>
    <cell>HA</cell>
    <view>schematic</view>
    <thumbnail128>images/MOS_VLSI_ELL734/HA/schematic/thumbnail_128x128.png</thumbnail128>
    <thumbnail256>images/MOS_VLSI_ELL734/HA/schematic/thumbnail_256x256.png</thumbnail256>
    <thumbnail1024>images/MOS_VLSI_ELL734/HA/schematic/thumbnail_1024x1024.png</thumbnail1024>
      <children>1</children>
      <occ>
      <indent>2</indent>
      <inst>I7</inst>
      <refid>__mid__3</refid>
      <lib>MOS_VLSI_ELL734</lib>
      <cell>NOT</cell>
      <view>schematic</view>
      <thumbnail128>images/MOS_VLSI_ELL734/NOT/schematic/thumbnail_128x128.png</thumbnail128>
      <thumbnail256>images/MOS_VLSI_ELL734/NOT/schematic/thumbnail_256x256.png</thumbnail256>
      <thumbnail1024>images/MOS_VLSI_ELL734/NOT/schematic/thumbnail_1024x1024.png</thumbnail1024>
      </occ>
      <occ>
      <indent>2</indent>
      <inst>I8</inst>
      <refid>__mid__3</refid>
      <lib>MOS_VLSI_ELL734</lib>
      <cell>NOT</cell>
      <view>schematic</view>
      <thumbnail128>images/MOS_VLSI_ELL734/NOT/schematic/thumbnail_128x128.png</thumbnail128>
      <thumbnail256>images/MOS_VLSI_ELL734/NOT/schematic/thumbnail_256x256.png</thumbnail256>
      <thumbnail1024>images/MOS_VLSI_ELL734/NOT/schematic/thumbnail_1024x1024.png</thumbnail1024>
      </occ>
      <occ>
      <indent>2</indent>
      <inst>I9</inst>
      <refid>__mid__3</refid>
      <lib>MOS_VLSI_ELL734</lib>
      <cell>NOT</cell>
      <view>schematic</view>
      <thumbnail128>images/MOS_VLSI_ELL734/NOT/schematic/thumbnail_128x128.png</thumbnail128>
      <thumbnail256>images/MOS_VLSI_ELL734/NOT/schematic/thumbnail_256x256.png</thumbnail256>
      <thumbnail1024>images/MOS_VLSI_ELL734/NOT/schematic/thumbnail_1024x1024.png</thumbnail1024>
      </occ>
      <occ>
      <indent>2</indent>
      <inst>I10</inst>
      <refid>__mid__4</refid>
      <lib>MOS_VLSI_ELL734</lib>
      <cell>NAND</cell>
      <view>schematic</view>
      <thumbnail128>images/MOS_VLSI_ELL734/NAND/schematic/thumbnail_128x128.png</thumbnail128>
      <thumbnail256>images/MOS_VLSI_ELL734/NAND/schematic/thumbnail_256x256.png</thumbnail256>
      <thumbnail1024>images/MOS_VLSI_ELL734/NAND/schematic/thumbnail_1024x1024.png</thumbnail1024>
      </occ>
    </occ>
    <occ>
    <indent>1</indent>
    <inst>I167</inst>
    <refid>__mid__9</refid>
    <lib>MOS_VLSI_ELL734</lib>
    <cell>HA</cell>
    <view>schematic</view>
    <thumbnail128>images/MOS_VLSI_ELL734/HA/schematic/thumbnail_128x128.png</thumbnail128>
    <thumbnail256>images/MOS_VLSI_ELL734/HA/schematic/thumbnail_256x256.png</thumbnail256>
    <thumbnail1024>images/MOS_VLSI_ELL734/HA/schematic/thumbnail_1024x1024.png</thumbnail1024>
      <children>1</children>
      <occ>
      <indent>2</indent>
      <inst>I7</inst>
      <refid>__mid__3</refid>
      <lib>MOS_VLSI_ELL734</lib>
      <cell>NOT</cell>
      <view>schematic</view>
      <thumbnail128>images/MOS_VLSI_ELL734/NOT/schematic/thumbnail_128x128.png</thumbnail128>
      <thumbnail256>images/MOS_VLSI_ELL734/NOT/schematic/thumbnail_256x256.png</thumbnail256>
      <thumbnail1024>images/MOS_VLSI_ELL734/NOT/schematic/thumbnail_1024x1024.png</thumbnail1024>
      </occ>
      <occ>
      <indent>2</indent>
      <inst>I8</inst>
      <refid>__mid__3</refid>
      <lib>MOS_VLSI_ELL734</lib>
      <cell>NOT</cell>
      <view>schematic</view>
      <thumbnail128>images/MOS_VLSI_ELL734/NOT/schematic/thumbnail_128x128.png</thumbnail128>
      <thumbnail256>images/MOS_VLSI_ELL734/NOT/schematic/thumbnail_256x256.png</thumbnail256>
      <thumbnail1024>images/MOS_VLSI_ELL734/NOT/schematic/thumbnail_1024x1024.png</thumbnail1024>
      </occ>
      <occ>
      <indent>2</indent>
      <inst>I9</inst>
      <refid>__mid__3</refid>
      <lib>MOS_VLSI_ELL734</lib>
      <cell>NOT</cell>
      <view>schematic</view>
      <thumbnail128>images/MOS_VLSI_ELL734/NOT/schematic/thumbnail_128x128.png</thumbnail128>
      <thumbnail256>images/MOS_VLSI_ELL734/NOT/schematic/thumbnail_256x256.png</thumbnail256>
      <thumbnail1024>images/MOS_VLSI_ELL734/NOT/schematic/thumbnail_1024x1024.png</thumbnail1024>
      </occ>
      <occ>
      <indent>2</indent>
      <inst>I10</inst>
      <refid>__mid__4</refid>
      <lib>MOS_VLSI_ELL734</lib>
      <cell>NAND</cell>
      <view>schematic</view>
      <thumbnail128>images/MOS_VLSI_ELL734/NAND/schematic/thumbnail_128x128.png</thumbnail128>
      <thumbnail256>images/MOS_VLSI_ELL734/NAND/schematic/thumbnail_256x256.png</thumbnail256>
      <thumbnail1024>images/MOS_VLSI_ELL734/NAND/schematic/thumbnail_1024x1024.png</thumbnail1024>
    </occ>
  </occ>
  </occurrence_tree>
  <gen_date>Nov 30 13:26:44 2022</gen_date>
</virtuoso_design>
